,time,package_id,core_0,core_1,ram,fan
0,22:27:28,59.0,59.0,44.0,25.07323808950724,0
1,22:27:33,45.0,42.0,43.0,25.087173120591856,0
2,22:27:38,46.0,41.0,42.0,25.054869184895693,0
3,22:27:43,46.0,42.0,45.0,25.508391105649707,0
4,22:27:48,45.0,41.0,43.0,28.195424031383386,0
5,22:27:53,46.0,42.0,44.0,27.588194495029317,0
6,22:27:58,47.0,40.0,44.0,27.58091027423508,0
7,22:28:03,46.0,42.0,43.0,28.013740785196774,0
8,22:28:08,47.0,44.0,46.0,30.204074307497574,0
9,22:28:13,49.0,47.0,48.0,34.96552663332817,0
10,22:28:18,47.0,44.0,45.0,41.7296118354864,0
11,22:28:23,49.0,46.0,48.0,45.398431042181976,0
12,22:28:28,49.0,46.0,47.0,47.81299188284439,0
13,22:28:33,58.0,46.0,59.0,48.01737233875216,0
14,22:28:38,50.0,46.0,48.0,46.24287281222651,0
15,22:28:43,49.0,46.0,48.0,44.5043721160028,0
16,22:28:48,50.0,46.0,48.0,44.57964239754321,0
17,22:28:53,52.0,48.0,49.0,46.67116388124398,0
18,22:28:58,50.0,46.0,48.0,49.96838225901634,0
19,22:29:03,85.0,85.0,75.0,56.55627377268797,0
20,22:29:08,81.0,81.0,54.0,57.05244533403431,0
21,22:29:13,80.0,80.0,58.0,60.38545140527399,0
22,22:29:18,83.0,83.0,57.0,66.42607624362235,0
23,22:29:23,83.0,83.0,62.0,63.17150750644231,0
24,22:29:28,58.0,55.0,56.0,45.01912371879529,0
25,22:29:33,57.0,52.0,55.0,46.455698741518894,0
26,22:29:38,57.0,52.0,55.0,48.170129838596445,0
27,22:29:43,57.0,53.0,55.0,51.28260348608028,0
28,22:29:48,90.0,90.0,68.0,58.508339377125225,0
29,22:29:53,59.0,56.0,57.0,60.869799303881855,0
30,22:29:58,60.0,56.0,57.0,60.3638098797259,0
31,22:30:03,57.0,54.0,55.0,60.094821552425806,0
32,22:30:08,58.0,55.0,56.0,62.28811099041122,0
33,22:30:13,56.0,55.0,55.0,62.23437666600159,0
34,22:30:18,56.0,53.0,55.0,58.18107728347126,0
35,22:30:23,56.0,53.0,55.0,58.47772453610598,0
36,22:30:28,56.0,53.0,53.0,57.191795644880514,0
37,22:30:33,60.0,55.0,60.0,62.430311648524736,0
38,22:30:38,56.0,52.0,55.0,63.00777089119802,0
39,22:30:43,56.0,52.0,54.0,63.53603525140591,0
40,22:30:48,57.0,52.0,54.0,62.97979526061148,0
41,22:30:53,56.0,52.0,54.0,62.87359343279989,0
42,22:30:58,56.0,51.0,53.0,62.89787416878068,0
43,22:31:03,54.0,52.0,53.0,62.92574423094992,0
44,22:31:08,55.0,52.0,52.0,62.91033124202298,0
45,22:31:13,54.0,51.0,52.0,62.92173263109222,0
46,22:31:18,54.0,51.0,53.0,62.92722218879222,0
47,22:31:23,54.0,51.0,53.0,62.92204933634415,0
48,22:31:28,54.0,51.0,52.0,62.932711746492224,0
49,22:31:33,53.0,50.0,53.0,62.934189704334536,0
50,22:31:38,54.0,51.0,52.0,62.92785559929607,0
51,22:31:43,54.0,51.0,52.0,62.93017810447684,0
52,22:31:48,55.0,50.0,52.0,63.47902830605973,0
53,22:31:53,55.0,51.0,53.0,57.32713435586902,0
54,22:31:58,72.0,65.0,72.0,59.8448355402411,0
55,22:32:03,65.0,56.0,65.0,62.77720946779794,0
56,22:32:08,58.0,55.0,56.0,65.15355454139495,0
57,22:32:13,59.0,56.0,57.0,63.41917101344625,0
58,22:32:18,60.0,57.0,59.0,64.72716370388903,0
59,22:32:23,58.0,54.0,55.0,64.25717311003501,0
60,22:32:28,57.0,54.0,55.0,63.54997028249053,0
61,22:32:33,56.0,52.0,55.0,63.49338561081358,0
62,22:32:38,57.0,54.0,55.0,64.02312792886377,0
63,22:32:43,56.0,53.0,55.0,64.01837735008493,0
64,22:32:48,55.0,51.0,55.0,64.01932746584069,0
65,22:32:53,56.0,52.0,54.0,63.065305678630736,0
66,22:32:58,56.0,52.0,54.0,63.07966298338459,0
67,22:33:03,55.0,53.0,54.0,63.28847731281928,0
68,22:33:08,55.0,52.0,53.0,62.71629649101138,0
69,22:33:13,56.0,53.0,55.0,63.67950273052711,0
70,22:33:18,56.0,53.0,55.0,63.09180335137498,0
71,22:33:23,71.0,55.0,71.0,66.25421086024537,0
72,22:33:28,61.0,61.0,59.0,66.35946257230117,0
73,22:33:33,57.0,53.0,55.0,60.106750783581575,0
74,22:33:38,57.0,54.0,54.0,61.91957164558993,0
75,22:33:43,56.0,53.0,54.0,61.07481317029347,0
76,22:33:48,57.0,54.0,55.0,62.55203203368055,0
77,22:33:54,56.0,52.0,55.0,60.81089212702414,0
78,22:33:59,57.0,53.0,54.0,60.60915088154907,0
79,22:34:04,56.0,52.0,53.0,61.009360751562674,0
80,22:34:09,57.0,52.0,53.0,61.29333979412047,0
81,22:34:14,56.0,52.0,53.0,60.8239826107703,0
82,22:34:19,56.0,50.0,54.0,60.99605913098191,0
83,22:34:24,56.0,52.0,55.0,61.42139428431475,0
84,22:34:29,55.0,52.0,53.0,61.11408462153194,0
85,22:34:34,56.0,53.0,55.0,61.48188498743208,0
86,22:34:39,56.0,52.0,55.0,61.69618887456677,0
87,22:34:44,56.0,52.0,53.0,61.27022031073008,0
88,22:34:49,56.0,53.0,53.0,61.76100788279372,0
89,22:34:54,55.0,52.0,54.0,61.53118543831479,0
90,22:34:59,56.0,52.0,53.0,61.9341400871784,0
91,22:35:04,55.0,52.0,53.0,61.6733860964283,0
92,22:35:09,56.0,53.0,54.0,61.56370051084557,0
93,22:35:14,55.0,51.0,53.0,61.50046502887824,0
94,22:35:19,58.0,53.0,55.0,61.94628045516879,0
95,22:35:24,56.0,52.0,55.0,61.39236296955512,0
96,22:35:29,55.0,52.0,54.0,60.78270535960298,0
97,22:35:34,56.0,52.0,53.0,61.05855563402808,0
98,22:35:39,56.0,53.0,54.0,60.71123554108564,0
99,22:35:44,56.0,52.0,54.0,62.25105647593621,0
100,22:35:49,56.0,53.0,53.0,61.32004860369933,0
101,22:35:54,55.0,52.0,53.0,61.16644655651658,0
102,22:35:59,54.0,52.0,54.0,63.2696861345385,0
103,22:36:04,54.0,51.0,54.0,62.40740330196896,0
104,22:36:09,54.0,52.0,54.0,62.54052507619401,0
105,22:36:14,55.0,53.0,53.0,62.15688944769771,0
106,22:36:19,54.0,52.0,54.0,61.921894150770704,0
107,22:36:24,55.0,52.0,55.0,62.31049149488046,0
108,22:36:29,66.0,64.0,66.0,61.4125265372609,0
109,22:36:34,55.0,53.0,55.0,59.40208159805248,0
110,22:36:39,55.0,52.0,53.0,60.38988527880091,0
111,22:36:44,56.0,52.0,53.0,60.32126580755089,0
112,22:36:49,76.0,76.0,62.0,65.25542806409692,0
113,22:36:54,57.0,53.0,56.0,65.62692332460283,0
114,22:36:59,57.0,54.0,55.0,65.8300369595029,0
115,22:37:04,56.0,54.0,55.0,65.56147090587203,0
116,22:37:09,58.0,56.0,57.0,66.1291122857357,0
117,22:37:14,57.0,54.0,55.0,64.87305925660831,0
118,22:37:19,68.0,57.0,68.0,65.75518895163171,0
119,22:37:24,79.0,78.0,77.0,67.69849237743243,0
120,22:37:29,61.0,57.0,58.0,66.63288477312818,0
121,22:37:34,61.0,59.0,60.0,65.97424341754527,0
122,22:37:39,61.0,57.0,59.0,65.67907412275284,0
123,22:37:44,61.0,57.0,58.0,65.32140832491424,0
124,22:37:49,60.0,56.0,59.0,64.1969991121696,0
125,22:37:54,60.0,57.0,58.0,64.00634255051185,0
126,22:37:59,59.0,57.0,59.0,63.92706066911374,0
127,22:38:04,60.0,57.0,59.0,63.92410475342913,0
128,22:38:09,61.0,56.0,59.0,63.94310706854452,0
129,22:38:14,60.0,56.0,57.0,63.92072656407528,0
130,22:38:19,60.0,57.0,58.0,63.92832749012143,0
131,22:38:24,61.0,56.0,58.0,64.53576816331011,0
132,22:38:29,60.0,57.0,59.0,63.95144697351183,0
133,22:38:34,60.0,56.0,57.0,63.92706066911374,0
134,22:38:39,60.0,57.0,59.0,63.9291720374599,0
135,22:38:44,60.0,56.0,57.0,63.95292493135414,0
136,22:38:49,59.0,56.0,59.0,64.13302465128112,0
137,22:38:54,60.0,56.0,59.0,64.01394347655801,0
138,22:38:59,60.0,56.0,59.0,63.98628455122338,0
139,22:39:04,59.0,56.0,58.0,63.99821378237915,0
140,22:39:09,61.0,59.0,60.0,64.85416250991022,0
141,22:39:14,61.0,58.0,59.0,64.68198042128132,0
142,22:39:19,62.0,59.0,60.0,64.59351408757745,0
143,22:39:24,62.0,60.0,61.0,64.67110687429863,0
144,22:39:29,60.0,58.0,60.0,64.64661500148324,0
145,22:39:34,61.0,57.0,59.0,64.11138312573304,0
146,22:39:39,61.0,58.0,59.0,64.10346549443497,0
147,22:39:44,61.0,57.0,59.0,64.08330192672918,0
148,22:39:49,61.0,56.0,59.0,64.09396433687726,0
149,22:39:54,63.0,58.0,60.0,64.56764982533706,0
150,22:39:59,61.0,57.0,61.0,64.85289568890255,0
151,22:40:04,62.0,58.0,60.0,64.29633899285619,0
152,22:40:09,61.0,57.0,58.0,64.26023459413693,0
153,22:40:14,61.0,59.0,59.0,64.3006672979658,0
154,22:40:19,66.0,66.0,62.0,64.69338181035056,0
155,22:40:24,75.0,68.0,75.0,65.14563691009688,0
156,22:40:29,68.0,66.0,68.0,64.98791769463912,0
157,22:40:34,62.0,59.0,61.0,65.09095246993147,0
158,22:40:39,64.0,59.0,62.0,64.5491753523082,0
159,22:40:44,62.0,59.0,60.0,64.32410348660812,0
160,22:40:49,64.0,60.0,61.0,64.86746413049102,0
161,22:40:54,62.0,61.0,61.0,64.34722296999851,0
162,22:40:59,62.0,58.0,61.0,64.14759309286958,0
163,22:41:04,64.0,64.0,66.0,64.79103259636021,0
164,22:41:09,71.0,62.0,71.0,64.64999319083708,0
165,22:41:14,64.0,59.0,62.0,64.74785511368135,0
166,22:41:19,63.0,58.0,61.0,64.28747124580234,0
167,22:41:24,63.0,60.0,60.0,64.2664631307581,0
168,22:41:29,62.0,60.0,61.0,64.24999445765809,0
169,22:41:34,62.0,60.0,61.0,64.26414062557733,0
170,22:41:39,62.0,60.0,60.0,64.26350721507347,0
171,22:41:44,63.0,59.0,60.0,64.28250953018888,0
172,22:41:49,64.0,60.0,61.0,63.848306629802174,0
173,22:41:54,62.0,59.0,62.0,63.8677312185868,0
174,22:41:59,62.0,58.0,62.0,63.91534257479258,0
175,22:42:04,62.0,59.0,61.0,63.9427903632926,0
176,22:42:09,62.0,59.0,61.0,63.911964385438736,0
177,22:42:14,61.0,59.0,60.0,63.91840405889451,0
178,22:42:19,61.0,58.0,61.0,63.91175324860412,0
179,22:42:24,62.0,59.0,61.0,63.91534257479258,0
180,22:42:29,63.0,60.0,61.0,64.58432963527167,0
181,22:42:34,62.0,59.0,61.0,64.51549902718703,0
182,22:42:39,62.0,60.0,60.0,64.0344237495157,0
183,22:42:44,63.0,59.0,61.0,64.07031701140033,0
184,22:42:49,62.0,59.0,59.0,63.26050168223273,0
185,22:42:54,62.0,59.0,61.0,63.26894715561735,0
186,22:42:59,64.0,59.0,63.0,63.26979170295581,0
187,22:43:04,63.0,61.0,63.0,63.97403861481568,0
188,22:43:09,63.0,61.0,61.0,63.65870575231749,0
189,22:43:14,62.0,58.0,61.0,63.56527770300015,0
190,22:43:19,63.0,57.0,59.0,63.35034040536161,0
191,22:43:24,61.0,57.0,60.0,63.33862231104045,0
192,22:43:29,62.0,57.0,60.0,63.39267334070201,0
193,22:43:34,61.0,56.0,58.0,63.29512812310966,0
194,22:43:39,60.0,57.0,58.0,63.27844831317504,0
195,22:43:44,59.0,56.0,58.0,63.28003183943466,0
196,22:43:49,60.0,55.0,58.0,63.27855388159235,0
197,22:43:54,59.0,56.0,57.0,63.24413857755003,0
198,22:43:59,61.0,59.0,60.0,63.79277764229831,0
199,22:44:05,60.0,55.0,59.0,63.45823132785011,0
200,22:44:10,59.0,55.0,57.0,63.33767219528468,0
201,22:44:15,60.0,55.0,57.0,63.4021744982597,0
202,22:44:20,59.0,55.0,58.0,63.25121166150965,0
203,22:44:25,58.0,55.0,57.0,63.25258405093465,0
204,22:44:30,58.0,55.0,57.0,63.255012124532726,0
205,22:44:35,58.0,55.0,56.0,63.23759333567696,0
206,22:44:40,58.0,55.0,56.0,63.238015609346185,0
207,22:44:45,59.0,56.0,58.0,63.86519757657141,0
208,22:44:50,61.0,60.0,60.0,63.988501487986845,0
209,22:44:55,67.0,65.0,67.0,63.87490987096373,0
210,22:45:00,59.0,55.0,57.0,63.500669831607816,0
211,22:45:05,58.0,55.0,57.0,63.40956428747125,0
212,22:45:10,59.0,61.0,59.0,63.66240064692326,0
213,22:45:15,59.0,57.0,59.0,63.88082170233296,0
214,22:45:20,60.0,56.0,59.0,63.39035083552124,0
215,22:45:25,60.0,56.0,59.0,63.4075584875424,0
216,22:45:30,60.0,57.0,59.0,63.39964085624432,0
217,22:45:35,60.0,57.0,60.0,63.731970233929054,0
218,22:45:40,60.0,57.0,59.0,63.73957115997521,0
219,22:45:45,59.0,56.0,58.0,64.14315921934266,0
220,22:45:50,60.0,57.0,59.0,64.38501646339468,0
221,22:45:55,61.0,57.0,59.0,63.97519986740607,0
222,22:46:00,59.0,57.0,59.0,63.96031472056568,0
223,22:46:05,65.0,65.0,61.0,64.53344565812935,0
224,22:46:10,60.0,58.0,60.0,64.70013818905826,0
225,22:46:15,60.0,58.0,59.0,64.26973575169464,0
226,22:46:20,62.0,59.0,62.0,64.81225184823907,0
227,22:46:25,62.0,61.0,60.0,64.84909522587947,0
228,22:46:30,62.0,60.0,60.0,64.8508898889737,0
229,22:46:35,61.0,59.0,61.0,64.33729953877159,0
230,22:46:40,61.0,58.0,60.0,64.3020396873908,0
231,22:46:45,62.0,59.0,59.0,64.3074236766735,0
232,22:46:50,62.0,61.0,62.0,65.02011606191799,0
233,22:46:55,61.0,59.0,61.0,64.93038290720642,0
234,22:47:00,61.0,57.0,60.0,64.41003617829662,0
235,22:47:05,62.0,59.0,61.0,64.41879835693315,0
236,22:47:10,62.0,59.0,60.0,64.40116843124275,0
237,22:47:15,62.0,58.0,60.0,64.38332736871776,0
238,22:47:20,62.0,58.0,60.0,64.63056860205246,0
239,22:47:25,63.0,59.0,60.0,64.46377050270624,0
240,22:47:30,62.0,58.0,59.0,64.44856865061394,0
241,22:47:35,62.0,58.0,59.0,64.6051266134813,0
242,22:47:40,62.0,58.0,62.0,64.63035746521786,0
243,22:47:45,62.0,59.0,61.0,64.70235512582173,0
244,22:47:50,62.0,59.0,60.0,64.65548274853708,0
245,22:47:55,61.0,59.0,60.0,64.66783425336209,0
246,22:48:00,61.0,58.0,59.0,64.79704999614675,0
247,22:48:05,61.0,58.0,61.0,64.80454535377561,0
248,22:48:10,61.0,59.0,60.0,64.89565089791218,0
249,22:48:15,61.0,59.0,61.0,64.89438407690449,0
250,22:48:20,62.0,60.0,61.0,65.00945365176992,0
251,22:48:25,62.0,57.0,60.0,64.96933765319298,0
252,22:48:30,61.0,58.0,59.0,64.95117988541604,0
253,22:48:35,61.0,57.0,61.0,64.9642703691622,0
254,22:48:40,61.0,59.0,60.0,64.98707314730066,0
255,22:48:45,61.0,58.0,61.0,65.01927151457953,0
256,22:48:50,73.0,73.0,71.0,66.80675595643402,0
257,22:48:55,78.0,78.0,72.0,69.18352330370028,2877
258,22:49:00,68.0,68.0,65.0,69.80584912372936,2515
259,22:49:05,60.0,55.0,58.0,70.35617728315455,2515
260,22:49:10,59.0,54.0,56.0,69.42432486357922,2521
261,22:49:15,57.0,54.0,55.0,68.5843169670616,2525
262,22:49:20,55.0,52.0,53.0,69.13886786317912,2519
263,22:49:25,55.0,52.0,53.0,68.62348284988276,2519
264,22:49:30,67.0,67.0,65.0,68.839686968529,2524
265,22:49:35,55.0,52.0,53.0,69.73722965247933,2525
266,22:49:40,56.0,52.0,55.0,69.47109167244653,2525
267,22:49:45,54.0,51.0,53.0,69.41334574817921,2525
268,22:49:50,53.0,51.0,53.0,69.28381330014263,2529
269,22:49:55,52.0,48.0,51.0,68.67542251119818,2529
270,22:50:00,67.0,61.0,67.0,69.66100925518315,2525
271,22:50:05,52.0,47.0,51.0,68.5759770620943,2525
272,22:50:10,56.0,54.0,56.0,72.06934155922441,2524
273,22:50:15,52.0,48.0,51.0,70.82944049794511,2525
274,22:50:20,52.0,48.0,51.0,70.56076887589694,2529
275,22:50:25,51.0,48.0,49.0,70.32165641069493,2525
276,22:50:30,52.0,47.0,50.0,70.36293366186224,2529
277,22:50:35,52.0,48.0,49.0,72.54672194228996,2525
278,22:50:40,51.0,49.0,50.0,67.88429279189404,2525
279,22:50:45,69.0,60.0,69.0,70.97280240864902,2524
280,22:50:50,53.0,51.0,53.0,72.29494126701103,2525
281,22:50:55,52.0,48.0,51.0,72.64648409664578,2524
282,22:51:00,51.0,48.0,50.0,72.7766499551862,2525
283,22:51:05,52.0,47.0,51.0,73.54064859124226,2525
284,22:51:10,52.0,50.0,52.0,73.2039909084479,2519
285,22:51:15,50.0,48.0,48.0,71.57264215579153,2524
286,22:51:20,50.0,46.0,49.0,70.00642911661404,2525
287,22:51:25,50.0,48.0,49.0,69.89283749959093,2524
288,22:51:30,50.0,47.0,49.0,69.4419547892696,2525
289,22:51:35,51.0,46.0,49.0,67.92483106414019,2524
290,22:51:40,51.0,48.0,50.0,69.75306491507548,2525
291,22:51:45,50.0,46.0,49.0,70.17744995265257,2525
292,22:51:50,50.0,46.0,48.0,68.89743289279633,2519
293,22:51:55,50.0,46.0,47.0,68.86175076774632,2519
294,22:52:00,49.0,47.0,48.0,69.48027612475231,2525
295,22:52:05,50.0,48.0,48.0,72.84843647895546,2521
296,22:52:10,51.0,48.0,50.0,73.10824035394978,2525
297,22:52:15,50.0,47.0,49.0,73.45007088919222,2525
298,22:52:20,51.0,46.0,49.0,71.07530934185482,2521
299,22:52:25,51.0,48.0,49.0,71.22268285241641,2519
300,22:52:30,51.0,48.0,51.0,68.44623347722309,2525
301,22:52:35,50.0,46.0,48.0,69.78716351386589,2525
302,22:52:40,49.0,46.0,49.0,70.45942319528152,2524
303,22:52:45,50.0,46.0,48.0,70.18325621560449,2524
304,22:52:50,50.0,46.0,48.0,70.10861934456793,2521
305,22:52:55,49.0,46.0,47.0,70.46026774261998,2519
306,22:53:00,49.0,45.0,47.0,71.13273856087022,2521
307,22:53:05,49.0,45.0,48.0,69.98520986473518,2521
308,22:53:10,47.0,44.0,48.0,70.06100798836214,2519
309,22:53:15,49.0,45.0,47.0,69.01925884636945,2521
310,22:53:20,48.0,45.0,46.0,68.99191662628675,2521
311,22:53:25,48.0,44.0,47.0,69.72646167391395,2516
312,22:53:30,49.0,45.0,47.0,67.64781953712472,2519
313,22:53:35,51.0,47.0,48.0,68.41340169944039,2519
314,22:53:40,53.0,52.0,53.0,68.5311104847385,2521
315,22:53:45,50.0,46.0,49.0,68.76019395029627,2519
316,22:53:50,49.0,46.0,49.0,67.47869893259772,2519
317,22:53:55,49.0,46.0,48.0,67.94562804234982,2515
318,22:54:00,49.0,46.0,49.0,67.9384493899729,2519
319,22:54:05,49.0,44.0,47.0,66.80147753556864,2510
320,22:54:10,48.0,44.0,46.0,66.91274664741098,2519
321,22:54:15,48.0,45.0,48.0,67.20485445810148,2521
322,22:54:20,56.0,55.0,56.0,67.36563515766116,2519
323,22:54:25,47.0,44.0,46.0,68.00780784014408,2521
324,22:54:30,48.0,45.0,47.0,67.8755306132575,2515
325,22:54:35,49.0,45.0,47.0,67.45325694402658,0
326,22:54:41,49.0,44.0,48.0,69.24992583818684,0
327,22:54:46,50.0,48.0,50.0,69.15195834692527,0
328,22:54:51,50.0,47.0,49.0,68.94008253338865,0
329,22:54:56,52.0,47.0,52.0,68.62052693419815,0
330,22:55:01,52.0,46.0,50.0,68.70835985739818,0
331,22:55:06,52.0,48.0,49.0,68.28608618816726,0
332,22:55:11,52.0,48.0,50.0,68.34721030178844,0
333,22:55:16,52.0,47.0,50.0,68.57829956727505,0
334,22:55:21,52.0,48.0,51.0,68.21028806454031,0
335,22:55:26,53.0,49.0,52.0,68.01783683978832,0
336,22:55:31,52.0,47.0,51.0,67.77017333278437,0
337,22:55:36,53.0,49.0,52.0,68.647235743777,0
338,22:55:41,57.0,54.0,56.0,69.57750463709273,0
339,22:55:46,57.0,55.0,56.0,70.05762979900828,0
340,22:55:51,54.0,50.0,53.0,69.70186423268123,0
341,22:55:56,55.0,52.0,54.0,70.77496719461432,0
342,22:56:01,55.0,48.0,53.0,69.61614267782736,0
343,22:56:06,55.0,52.0,54.0,70.20225853071989,0
344,22:56:11,56.0,51.0,54.0,69.253409595958,0
345,22:56:16,57.0,52.0,55.0,70.50312852004691,0
346,22:56:21,56.0,51.0,54.0,69.85768321662745,0
347,22:56:26,59.0,59.0,59.0,70.45720625851806,0
348,22:56:31,56.0,52.0,54.0,70.89320382199898,0
349,22:56:36,56.0,52.0,55.0,69.81598369179089,0
350,22:56:41,69.0,69.0,68.0,69.70893731664086,0
351,22:56:46,58.0,54.0,56.0,70.03250451568906,0
352,22:56:51,56.0,53.0,55.0,70.38341393481994,0
353,22:56:56,56.0,53.0,56.0,70.93152515748169,0
354,22:57:01,56.0,54.0,56.0,71.30523735475106,0
355,22:57:06,57.0,53.0,56.0,71.16198101246447,0
356,22:57:11,56.0,53.0,55.0,71.10835225647213,0
357,22:57:16,56.0,53.0,56.0,70.50376193055077,0
358,22:57:21,57.0,52.0,55.0,70.72809481732969,0
359,22:57:26,57.0,54.0,54.0,70.05488502015828,0
360,22:57:31,57.0,55.0,56.0,70.65789181982005,0
361,22:57:36,71.0,71.0,65.0,71.82685090466856,0
362,22:57:41,57.0,54.0,54.0,70.61207512670849,0
363,22:57:46,57.0,53.0,55.0,70.12149869147947,0
364,22:57:51,57.0,53.0,56.0,70.65388021996236,0
365,22:57:56,56.0,53.0,55.0,70.51864707739115,0
366,22:58:01,58.0,52.0,55.0,70.8580495390355,0
367,22:58:06,56.0,53.0,56.0,70.45403920599882,0
368,22:58:11,57.0,53.0,55.0,70.73611801704507,0
369,22:58:16,56.0,54.0,55.0,70.65936977766236,0
370,22:58:21,57.0,53.0,55.0,70.88634187487398,0
371,22:58:26,71.0,71.0,70.0,70.44897192196805,0
372,22:58:31,58.0,54.0,57.0,69.80088740811588,0
373,22:58:36,57.0,55.0,57.0,69.82738508086013,0
374,22:58:41,58.0,55.0,57.0,70.4168791231065,0
375,22:58:46,59.0,58.0,58.0,69.24348616473107,0
376,22:58:51,58.0,55.0,57.0,69.89347091009478,0
377,22:58:56,58.0,54.0,56.0,69.96061242350248,0
378,22:59:01,57.0,54.0,57.0,69.30492698360416,0
379,22:59:06,57.0,54.0,56.0,69.63873431913122,0
380,22:59:11,58.0,54.0,56.0,69.81630039704282,0
381,22:59:16,61.0,61.0,61.0,70.23456246641605,0
382,22:59:21,60.0,57.0,59.0,70.09405090297946,0
383,22:59:26,58.0,54.0,55.0,69.85050456425051,0
384,22:59:31,57.0,53.0,56.0,69.83255793330821,0
385,22:59:36,59.0,58.0,59.0,70.337808378543,0
386,22:59:41,57.0,53.0,56.0,70.2640160548449,0
387,22:59:46,58.0,53.0,56.0,69.78695237703127,0
388,22:59:51,58.0,53.0,55.0,70.57808209633541,0
389,22:59:56,58.0,55.0,57.0,70.88845324322014,0
390,23:00:01,58.0,54.0,57.0,71.2731445558895,0
391,23:00:06,57.0,55.0,57.0,70.2242167615199,0
392,23:00:11,58.0,53.0,56.0,69.63662295078507,0
393,23:00:16,60.0,56.0,59.0,71.52735330476652,0
394,23:00:21,58.0,54.0,57.0,71.1966074533414,0
395,23:00:26,58.0,55.0,57.0,71.22690558910872,0
396,23:00:31,58.0,55.0,57.0,71.148784960301,0
397,23:00:36,59.0,55.0,57.0,70.18125041567563,0
398,23:00:41,58.0,55.0,55.0,70.40019931317188,0
399,23:00:46,58.0,55.0,55.0,70.0004117168275,0
400,23:00:51,58.0,55.0,57.0,69.10941427475025,0
401,23:00:56,57.0,54.0,56.0,69.64359046632737,0
402,23:01:01,58.0,55.0,56.0,69.28054067920608,0
403,23:01:06,59.0,55.0,57.0,70.12276551248716,0
404,23:01:11,58.0,54.0,57.0,70.08444417700446,0
405,23:01:16,59.0,56.0,57.0,72.42922429382646,0
406,23:01:21,67.0,67.0,57.0,73.18826121426905,0
407,23:01:26,59.0,56.0,57.0,73.9305127563597,0
408,23:01:31,58.0,55.0,56.0,72.66538084334385,0
409,23:01:36,58.0,53.0,56.0,72.40357116842068,0
410,23:01:41,57.0,54.0,57.0,72.69525670544195,0
411,23:01:46,58.0,55.0,57.0,74.60572835345995,0
412,23:01:51,58.0,55.0,57.0,73.88142344231161,0
413,23:01:56,57.0,55.0,57.0,73.88057889497316,0
414,23:02:01,58.0,54.0,56.0,75.30944742323328,0
415,23:02:06,58.0,53.0,56.0,74.45592676930028,0
416,23:02:11,58.0,53.0,56.0,74.72206474933307,0
417,23:02:16,58.0,54.0,56.0,71.54192174635499,0
418,23:02:21,58.0,54.0,55.0,72.5991894456919,0
419,23:02:26,58.0,54.0,56.0,72.51473471184573,0
420,23:02:31,57.0,54.0,56.0,71.41439509824724,0
421,23:02:36,58.0,54.0,56.0,71.1596585072837,0
422,23:02:41,58.0,55.0,57.0,71.15406338116638,0
423,23:02:46,58.0,55.0,58.0,71.83223489395124,0
424,23:02:51,58.0,56.0,56.0,71.52967580994729,0
425,23:02:56,58.0,54.0,58.0,71.343980963903,0
426,23:03:01,58.0,55.0,57.0,72.46712335563994,0
427,23:03:06,58.0,55.0,57.0,72.26063153138603,0
428,23:03:11,57.0,54.0,57.0,71.6787384151858,0
429,23:03:16,59.0,55.0,58.0,73.02241323067861,0
430,23:03:21,58.0,55.0,57.0,72.88242950932855,0
431,23:03:26,59.0,55.0,57.0,72.3860468111476,0
432,23:03:31,57.0,54.0,56.0,71.82484510473971,0
433,23:03:36,63.0,64.0,63.0,72.91346662401702,0
434,23:03:41,73.0,72.0,73.0,72.63455486549,0
435,23:03:46,59.0,56.0,57.0,72.4148669890726,0
436,23:03:51,59.0,54.0,57.0,71.68253887820889,0
437,23:03:56,58.0,54.0,57.0,71.66976509971465,0
438,23:04:01,59.0,55.0,56.0,71.47974194856073,0
439,23:04:06,58.0,55.0,57.0,71.64031151128579,0
440,23:04:12,58.0,55.0,57.0,71.37459580492224,0
441,23:04:17,58.0,54.0,56.0,72.24574638454563,0
442,23:04:22,58.0,53.0,56.0,71.24738586206641,0
443,23:04:27,58.0,54.0,57.0,72.42415700979569,0
444,23:04:32,57.0,54.0,56.0,71.58668275529347,0
445,23:04:37,57.0,54.0,57.0,71.86327200863971,0
446,23:04:42,58.0,53.0,57.0,71.52291943123959,0
447,23:04:47,58.0,53.0,57.0,71.39518164629723,0
448,23:04:52,58.0,54.0,57.0,71.45007722329726,0
449,23:04:57,58.0,54.0,57.0,72.51262334349957,0
450,23:05:02,58.0,54.0,57.0,71.84764788287818,0
451,23:05:07,58.0,54.0,56.0,71.8658056506551,0
452,23:05:12,58.0,53.0,57.0,72.43756419879378,0
453,23:05:17,60.0,55.0,57.0,72.81222651181892,0
454,23:05:22,59.0,54.0,56.0,73.3843017652095,0
455,23:05:27,60.0,56.0,57.0,73.10739580661132,0
456,23:05:32,59.0,55.0,57.0,73.01470673621515,0
457,23:05:37,59.0,55.0,57.0,73.92206728297509,0
458,23:05:42,67.0,66.0,68.0,74.03386423690398,0
459,23:05:47,88.0,86.0,82.0,74.31900453205216,0
460,23:05:52,59.0,54.0,58.0,74.4192945284945,0
461,23:05:57,58.0,55.0,57.0,73.31346535719602,0
462,23:06:02,59.0,55.0,58.0,73.80150815040966,0
463,23:06:07,60.0,57.0,59.0,72.73758964078235,0
464,23:06:12,59.0,56.0,58.0,73.64188870344037,0
465,23:06:17,64.0,64.0,64.0,73.10950717495749,0
466,23:06:22,60.0,56.0,57.0,73.04574385090362,0
467,23:06:27,59.0,55.0,58.0,73.52016831828456,0
468,23:06:32,59.0,55.0,57.0,73.19924032966905,0
469,23:06:37,59.0,55.0,58.0,72.90027057185355,0
470,23:06:42,60.0,57.0,59.0,73.78598959306542,0
471,23:06:47,59.0,56.0,59.0,73.06210695558632,0
472,23:06:52,60.0,55.0,59.0,73.69182256482692,0
473,23:06:57,81.0,61.0,81.0,76.2053010125067,0
474,23:07:02,64.0,60.0,64.0,74.7880450101504,0
475,23:07:07,60.0,55.0,58.0,73.96123316579626,0
476,23:07:12,61.0,57.0,58.0,74.19443379962902,0
477,23:07:17,61.0,56.0,60.0,74.35204744666947,0
478,23:07:22,61.0,57.0,59.0,75.17896485944092,0
479,23:07:27,59.0,55.0,59.0,74.57395225985033,0
480,23:07:32,60.0,57.0,59.0,74.71604734954653,0
481,23:07:37,61.0,56.0,58.0,74.36429338307717,0
482,23:07:42,60.0,56.0,57.0,74.8945635432139,0
483,23:07:47,60.0,55.0,58.0,74.02098488999243,0
484,23:07:52,60.0,57.0,57.0,75.36518754757176,0
485,23:07:57,82.0,62.0,82.0,76.58218026229528,0
486,23:08:02,61.0,57.0,59.0,76.97278340633389,0
487,23:08:07,61.0,57.0,59.0,75.19258318527363,0
488,23:08:12,61.0,59.0,60.0,75.13768760827361,0
489,23:08:17,61.0,58.0,59.0,74.58567035417148,0
490,23:08:22,60.0,56.0,59.0,73.84479120150583,0
491,23:08:27,60.0,55.0,59.0,74.51525621982722,0
492,23:08:32,60.0,55.0,59.0,73.91531090426739,0
493,23:08:37,60.0,57.0,59.0,74.0560336045386,0
494,23:08:42,59.0,56.0,58.0,74.13172615974824,0
495,23:08:47,61.0,56.0,58.0,75.43866316601795,0
496,23:08:52,60.0,56.0,57.0,74.62494180540996,0
497,23:08:57,60.0,55.0,58.0,74.51293371464646,0
498,23:09:02,60.0,55.0,58.0,74.56508451279647,0
499,23:09:07,60.0,55.0,59.0,74.41422724446373,0
500,23:09:12,61.0,56.0,59.0,74.95969925669277,0
501,23:09:17,62.0,57.0,59.0,75.52924086806799,0
502,23:09:22,61.0,57.0,60.0,75.50527683733912,0
503,23:09:27,69.0,69.0,65.0,76.69281596363379,0
504,23:09:32,60.0,56.0,60.0,76.13668154125666,0
505,23:09:37,61.0,58.0,60.0,75.71958072447381,0
506,23:09:42,61.0,57.0,60.0,75.39791375693716,0
507,23:09:47,60.0,59.0,60.0,75.50158194273335,0
508,23:09:52,61.0,57.0,59.0,75.46832789128142,3033
509,23:09:57,58.0,55.0,57.0,75.40572581981795,2507
510,23:10:02,57.0,55.0,56.0,75.07402985263704,2511
511,23:10:07,57.0,52.0,55.0,75.1854045328967,2511
512,23:10:12,56.0,52.0,55.0,76.13815949909898,2511
513,23:10:17,55.0,52.0,54.0,76.88495048313386,2506
514,23:10:22,56.0,53.0,55.0,76.1328810782336,2511
515,23:10:27,54.0,48.0,54.0,75.49503670086028,2510
516,23:10:32,53.0,50.0,51.0,74.99527581332548,2511
517,23:10:37,54.0,48.0,51.0,74.67751487722921,2507
518,23:10:42,60.0,60.0,59.0,76.35003531263558,2511
519,23:10:47,52.0,48.0,51.0,75.71683594562381,2506
520,23:10:52,52.0,48.0,50.0,74.69525037133691,2511
521,23:10:57,52.0,48.0,51.0,74.11272384463285,2506
522,23:11:02,52.0,46.0,49.0,73.34080757727872,2507
523,23:11:07,51.0,46.0,50.0,74.06363453058475,2506
524,23:11:12,51.0,46.0,49.0,73.35009759800181,2506
525,23:11:17,52.0,46.0,49.0,74.42003350741565,2507
526,23:11:22,51.0,47.0,51.0,75.59532669730262,2502
527,23:11:27,50.0,46.0,49.0,76.08590313253166,2506
528,23:11:32,49.0,46.0,49.0,75.37321074728716,2507
529,23:11:37,50.0,46.0,48.0,74.19992335732903,2503
530,23:11:42,49.0,45.0,48.0,74.19855096790403,2502
531,23:11:47,50.0,45.0,48.0,74.15653473781556,2502
532,23:11:52,49.0,44.0,48.0,74.15927951666556,2502
533,23:11:57,49.0,45.0,48.0,73.71483647980001,2503
534,23:12:02,49.0,44.0,48.0,73.71166942728078,2502
535,23:12:07,49.0,44.0,47.0,73.6083179467365,2503
536,23:12:12,49.0,44.0,46.0,73.59469962090381,2497
537,23:12:17,47.0,44.0,45.0,73.67799310215962,2497
538,23:12:22,49.0,44.0,47.0,73.6026172522019,2497
539,23:12:27,49.0,43.0,46.0,73.59554416824227,2497
540,23:12:32,52.0,52.0,51.0,75.34407386411021,2497
541,23:12:37,49.0,45.0,48.0,74.88020623846005,2497
542,23:12:42,50.0,45.0,47.0,74.68068192974845,2502
543,23:12:47,49.0,45.0,49.0,76.02963516610663,2502
544,23:12:52,49.0,45.0,47.0,74.55663903941186,2497
545,23:12:57,49.0,45.0,47.0,74.69430025558114,2497
546,23:13:02,48.0,44.0,47.0,74.0219350057482,2497
547,23:13:07,49.0,44.0,47.0,74.94481410985239,2497
548,23:13:12,49.0,45.0,47.0,74.914832679337,2497
549,23:13:17,60.0,57.0,60.0,75.89028485526042,2492
550,23:13:22,49.0,45.0,48.0,75.70258420928728,2497
551,23:13:27,49.0,45.0,48.0,75.07434655788897,2497
552,23:13:32,49.0,44.0,47.0,75.04235932744473,2497
553,23:13:37,50.0,46.0,48.0,75.29899614991982,2497
554,23:13:42,51.0,50.0,51.0,75.37627223138908,2497
555,23:13:47,52.0,48.0,49.0,76.03132426078355,2492
556,23:13:52,54.0,54.0,54.0,76.46109328764332,2497
557,23:13:57,50.0,46.0,49.0,76.87017090471078,2497
558,23:14:02,51.0,48.0,51.0,76.32322093463942,2493
559,23:14:07,49.0,46.0,48.0,76.56898421013182,2492
560,23:14:12,49.0,44.0,48.0,75.34819103238522,2492
561,23:14:18,49.0,45.0,48.0,76.2519622529567,2493
562,23:14:23,49.0,45.0,48.0,75.65243921106611,2493
563,23:14:28,49.0,44.0,48.0,75.11731290373322,2497
564,23:14:33,49.0,44.0,47.0,75.03359714880818,2493
565,23:14:38,49.0,45.0,47.0,75.38809589412755,2493
566,23:14:43,49.0,45.0,47.0,75.56555640362184,2497
567,23:14:48,48.0,44.0,47.0,75.74491714462768,2497
568,23:14:53,49.0,46.0,47.0,75.92638925397966,2493
569,23:14:58,50.0,46.0,47.0,76.31255852449135,2497
570,23:15:03,50.0,45.0,47.0,75.52396244720259,2493
571,23:15:08,50.0,46.0,48.0,75.94032428506429,0
572,23:15:13,58.0,58.0,55.0,76.23844949554132,0
573,23:15:18,51.0,48.0,49.0,76.42878935194716,0
574,23:15:23,50.0,47.0,49.0,75.88247279237964,0
575,23:15:28,53.0,51.0,53.0,75.89946930756619,0
576,23:15:33,52.0,50.0,51.0,76.1152511525432,0
577,23:15:38,53.0,50.0,51.0,77.75441196808033,0
578,23:15:43,71.0,71.0,67.0,77.26151302767053,0
579,23:15:48,69.0,69.0,60.0,77.31049677330132,0
580,23:15:53,56.0,52.0,55.0,77.05143187722815,0
581,23:15:58,54.0,52.0,54.0,76.61722897684146,0
582,23:16:03,56.0,52.0,55.0,77.2746035114167,0
583,23:16:08,56.0,52.0,55.0,76.94396322840888,0
584,23:16:13,56.0,51.0,55.0,76.81907579073383,0
585,23:16:18,57.0,53.0,55.0,76.22968731690477,0
586,23:16:23,56.0,52.0,55.0,76.66874636448763,0
587,23:16:28,57.0,54.0,56.0,76.87576603082809,0
588,23:16:33,56.0,53.0,55.0,78.2811983704459,0
589,23:16:38,57.0,53.0,56.0,77.28727172149362,0
590,23:16:43,57.0,54.0,55.0,76.6670572698107,0
591,23:16:48,57.0,54.0,56.0,75.68886031503727,0
592,23:16:53,56.0,53.0,56.0,75.07276303162935,0
593,23:16:58,56.0,53.0,56.0,75.63375360120264,0
594,23:17:03,56.0,53.0,55.0,75.03338601197356,0
595,23:17:08,56.0,53.0,55.0,75.24146136248712,0
596,23:17:13,56.0,53.0,55.0,76.1234854890932,0
597,23:17:18,58.0,54.0,55.0,76.27349821008748,0
598,23:17:23,64.0,56.0,64.0,75.76645310175846,0
599,23:17:28,57.0,53.0,56.0,75.59965500241223,0
600,23:17:33,58.0,54.0,57.0,75.39242419923715,0
601,23:17:38,58.0,53.0,55.0,75.10084423063321,0
602,23:17:43,67.0,60.0,67.0,75.77225936471038,0
603,23:17:48,60.0,57.0,58.0,76.50923248593566,0
604,23:17:53,59.0,55.0,59.0,77.71503494842455,0
605,23:17:58,59.0,55.0,58.0,77.67798043394953,0
606,23:18:03,59.0,56.0,58.0,77.64272058256876,0
607,23:18:08,58.0,54.0,56.0,77.03000148851469,0
608,23:18:13,59.0,55.0,57.0,76.48864664456065,0
609,23:18:18,59.0,56.0,57.0,76.91735998724734,0
610,23:18:23,60.0,57.0,58.0,77.67703031819377,0
611,23:18:28,60.0,55.0,58.0,77.32274270970902,0
612,23:18:33,60.0,59.0,58.0,77.95372513995733,0
613,23:18:38,60.0,57.0,59.0,77.54485865972448,0
614,23:18:43,74.0,74.0,73.0,76.32934390284328,0
615,23:18:48,59.0,55.0,58.0,76.05581613359894,0
616,23:18:53,64.0,61.0,62.0,76.7258588782511,0
617,23:18:58,60.0,56.0,59.0,77.0835246760897,0
618,23:19:03,61.0,57.0,59.0,77.58391897412835,0
619,23:19:08,62.0,61.0,62.0,76.866476010105,0
620,23:19:13,60.0,55.0,57.0,77.5436974071341,0
621,23:19:18,61.0,57.0,59.0,77.86673676409576,0
622,23:19:23,64.0,61.0,64.0,77.38851183369174,0
623,23:19:28,72.0,70.0,72.0,78.11450583951701,0
624,23:19:33,61.0,57.0,60.0,78.24984455050551,0
625,23:19:38,60.0,57.0,59.0,78.84620053987689,0
626,23:19:43,62.0,56.0,59.0,77.93598964584963,0
627,23:19:48,62.0,59.0,60.0,76.99389708979544,0
628,23:19:53,61.0,59.0,61.0,78.55599296069794,0
629,23:19:58,69.0,68.0,69.0,78.85633510793843,0
630,23:20:03,61.0,58.0,59.0,78.05591536791121,0
631,23:20:08,61.0,57.0,60.0,77.67502451826492,0
632,23:20:13,63.0,62.0,62.0,78.17161835328048,0
633,23:20:18,61.0,57.0,59.0,77.20524506124552,0
634,23:20:23,60.0,57.0,58.0,78.74876089070185,0
635,23:20:28,62.0,59.0,62.0,76.83438321124346,0
636,23:20:33,60.0,57.0,58.0,76.73451548847035,0
637,23:20:38,60.0,56.0,57.0,77.28927752142246,0
638,23:20:43,59.0,56.0,57.0,77.31936452035518,0
639,23:20:48,60.0,57.0,59.0,77.5067484610764,0
640,23:20:53,59.0,56.0,59.0,78.2947111278613,0
641,23:20:58,62.0,61.0,60.0,78.82139196180957,0
642,23:21:03,62.0,57.0,59.0,79.96512019492152,0
643,23:21:08,60.0,57.0,59.0,77.46272643105908,0
644,23:21:13,61.0,57.0,59.0,77.6855813599957,0
645,23:21:18,60.0,57.0,59.0,78.03585736862274,0
646,23:21:23,61.0,57.0,59.0,76.78761640237613,0
647,23:21:28,60.0,57.0,59.0,77.18624274613012,0
648,23:21:33,60.0,57.0,59.0,76.99347481612621,0
649,23:21:38,61.0,57.0,59.0,79.05047542736735,0
650,23:21:43,72.0,68.0,72.0,78.18228076342857,0
651,23:21:48,62.0,60.0,60.0,78.65945000965951,0
652,23:21:53,61.0,57.0,60.0,79.19098699080394,0
653,23:21:58,62.0,58.0,61.0,78.49328532081714,0
654,23:22:03,63.0,60.0,62.0,83.47801484925358,0
655,23:22:08,75.0,69.0,72.0,83.77096720728252,2747
656,23:22:13,62.0,57.0,60.0,84.41081738458469,2516
657,23:22:18,59.0,57.0,59.0,85.28397376413693,2525
658,23:22:23,59.0,57.0,58.0,83.99424440988838,2525
659,23:22:28,58.0,55.0,58.0,84.06349729164225,2529
660,23:22:33,58.0,55.0,58.0,86.05863481034106,2524
661,23:22:38,56.0,53.0,56.0,85.56235768057742,2529
662,23:22:43,56.0,54.0,56.0,82.61984918495904,2534
663,23:22:48,55.0,52.0,54.0,83.72504494575367,2533
664,23:22:53,54.0,51.0,51.0,81.28039710615855,2534
665,23:22:58,54.0,51.0,52.0,80.77514666092375,2533
666,23:23:03,53.0,51.0,52.0,81.84149324414913,2533
667,23:23:08,52.0,50.0,52.0,81.28894814796047,2533
668,23:23:13,53.0,50.0,51.0,81.52932743417017,2534
669,23:23:18,52.0,48.0,50.0,81.0954412390354,2533
670,23:23:23,52.0,48.0,51.0,81.54273462316826,2534
671,23:23:28,52.0,48.0,50.0,81.46778104687976,2533
672,23:23:33,51.0,46.0,50.0,80.78253645013528,2529
673,23:23:38,51.0,48.0,50.0,80.95017909681997,2533
674,23:23:43,51.0,48.0,49.0,83.04212285418996,2529
675,23:23:48,52.0,48.0,49.0,82.31602327994739,2533
676,23:23:53,50.0,47.0,48.0,80.77514666092375,2533
677,23:23:58,50.0,46.0,49.0,81.70573225949138,2529
678,23:24:03,50.0,47.0,50.0,81.7960988247068,2534
679,23:24:08,52.0,52.0,52.0,82.04355119487613,2529
680,23:24:13,72.0,72.0,58.0,81.68989699689523,2529
681,23:24:18,62.0,55.0,62.0,82.82623544079564,2525
682,23:24:23,51.0,48.0,48.0,81.55519169641056,2525
683,23:24:28,70.0,68.0,54.0,82.88936535434567,2525
684,23:24:33,50.0,47.0,49.0,82.5865951335071,2519
685,23:24:39,57.0,57.0,55.0,83.48445452270934,2525
686,23:24:44,51.0,48.0,51.0,81.21219990857776,2524
687,23:24:49,50.0,46.0,49.0,80.70293786348526,2525
688,23:24:54,50.0,46.0,49.0,81.5760942430375,2521
689,23:24:59,54.0,54.0,49.0,81.7932484774395,2521
690,23:25:04,50.0,46.0,48.0,81.98253264967227,2525
691,23:25:09,49.0,46.0,48.0,81.1814794991412,2515
692,23:25:14,50.0,47.0,48.0,83.02058689705919,2515
693,23:25:19,50.0,45.0,48.0,82.42496988660896,2515
694,23:25:24,51.0,47.0,51.0,82.43742695985128,2521
695,23:25:29,50.0,46.0,48.0,81.7318076585664,2521
696,23:25:34,48.0,45.0,49.0,81.73296891115679,2516
697,23:25:39,48.0,45.0,47.0,81.5256325395644,2521
698,23:25:44,49.0,45.0,48.0,82.11333191871654,2519
699,23:25:49,48.0,46.0,47.0,81.5802114113125,2521
700,23:25:54,47.0,45.0,47.0,81.52088196078556,2515
701,23:25:59,49.0,46.0,48.0,82.02338762717035,2515
702,23:26:04,49.0,47.0,49.0,81.85680066465875,2525
703,23:26:09,49.0,45.0,48.0,81.61114295758367,2524
704,23:26:14,52.0,52.0,48.0,82.55186312421286,2529
705,23:26:19,49.0,46.0,48.0,82.00269621737804,2521
706,23:26:24,50.0,46.0,49.0,84.58542754681167,2521
707,23:26:29,49.0,46.0,47.0,77.23670444960322,2524
708,23:26:34,49.0,46.0,47.0,75.68347632575458,2525
709,23:26:39,49.0,45.0,47.0,74.8427294503158,2521
